,Relative error before optimization,Changed,After,Remained
area_dppc_bilayer_0_323.15,-0.06047012849450106,0.05802621983445132,-0.0024439086600497456,0.04041513919177442
area_dppc_bilayer_0_333.15,-0.05910765067338941,0.047735379715254996,-0.011372270958134416,0.19239930581870135
db_dppc_bilayer_0_323.15,3.512116939680716,-4.529276717568135,-1.0171597778874188,-0.28961443919913665
db_dppc_bilayer_0_333.15,3.280334468203492,-3.6500241005847167,-0.3696896323812249,-0.11269876165514581
