,Relative error before optimization,Changed,After,Remained
area_dppc_bilayer_0_323.15,-0.05131003981828686,0.033827385259528255,-0.017482654558758602,0.3407258037739389
area_dppc_bilayer_0_333.15,-0.048756962426503514,0.06329695797481283,0.014539995548309315,-0.29821372835165794
db_dppc_bilayer_0_323.15,3.05512593111699,-2.6434992296951507,0.4116267014218393,0.13473313725936786
db_dppc_bilayer_0_333.15,2.409642104110169,-4.264749755965404,-1.855107651855235,-0.7698685413451836
